{"noiseKey":{"private":{"type":"Buffer","data":"IGcxq3Y7d/RkJXewPajuLgQnVfXclS+gLXJcgnxNrV8="},"public":{"type":"Buffer","data":"8gneBLmAI4wZB8mxWTAbfR3lq28a8vU3+2xfe4Gk8xM="}},"pairingEphemeralKeyPair":{"private":{"type":"Buffer","data":"EHy3uNW5YrpnNr7i9QWVesWcb6hioa8OvUxWXrNH8Uk="},"public":{"type":"Buffer","data":"hye40WAoNrHDNK8w6YBchnNYKzeqa8L08k3BU7F7YEs="}},"signedIdentityKey":{"private":{"type":"Buffer","data":"2NiWvLcMHhOfNVz4iYSsK2W2F5twyQoQl8eKALZV+WY="},"public":{"type":"Buffer","data":"q7p/hUGjWL11erYW5HViQTnhvOiE5Uf3msSlmAYOzDc="}},"signedPreKey":{"keyPair":{"private":{"type":"Buffer","data":"uLbkWnuDanfwFY53S5LGXcEmCyJdt1FjM2lsITbmnUA="},"public":{"type":"Buffer","data":"gpSmHbtrtbZf6JDMH99gYCJ1c1xhsQX8enPpHRYWdiY="}},"signature":{"type":"Buffer","data":"Q5+xrUqptidTGipWrtzDNFlYTL2Cw9aBnaG5+v6CUsXrJB80m65Zraoll1VA6948K8imiqG7ussRLGY8HO3Chw=="},"keyId":1},"registrationId":243,"advSecretKey":"d/mUpFMjPfMc/FCWCeWxvEol+0LhtrI5CmBi+dcn6os=","processedHistoryMessages":[{"key":{"remoteJid":"6285651915144@s.whatsapp.net","fromMe":true,"id":"609A0D4746887BDD55E4FF20A55CACC9"},"messageTimestamp":1723866608},{"key":{"remoteJid":"6285651915144@s.whatsapp.net","fromMe":true,"id":"74E464ADD827E6725EAC54C79163B3A2"},"messageTimestamp":1723866644},{"key":{"remoteJid":"6285651915144@s.whatsapp.net","fromMe":true,"id":"9838E7A45BCEA4559A7A425808C95B77"},"messageTimestamp":1723866709},{"key":{"remoteJid":"6285651915144@s.whatsapp.net","fromMe":true,"id":"9838E7A45BCEA4559A7A425808C95B77"},"messageTimestamp":1723866737},{"key":{"remoteJid":"6285651915144@s.whatsapp.net","fromMe":true,"id":"FA578B8691DD265278223D385868C3E0"},"messageTimestamp":1723866737},{"key":{"remoteJid":"6285651915144@s.whatsapp.net","fromMe":true,"id":"5525691CE3BB9E6A827F4937DDC9FCE5"},"messageTimestamp":1723866738},{"key":{"remoteJid":"6285651915144@s.whatsapp.net","fromMe":true,"id":"4FF19FF6F10993C72082EB0120BF33E2"},"messageTimestamp":1723866744},{"key":{"remoteJid":"6285651915144@s.whatsapp.net","fromMe":true,"id":"7CBB4C8C66BAA9BA537E65CC937B9E3E"},"messageTimestamp":1723866754},{"key":{"remoteJid":"6285651915144@s.whatsapp.net","fromMe":true,"id":"6612A151CE7B4CEB0C377DCF63D2DDBC"},"messageTimestamp":1723866755},{"key":{"remoteJid":"6285651915144@s.whatsapp.net","fromMe":true,"id":"ECEC38C0F1486FF469743CF245B5776B"},"messageTimestamp":1723866771},{"key":{"remoteJid":"6285651915144@s.whatsapp.net","fromMe":true,"id":"74825427720F0E28B15AF35E09F077C4"},"messageTimestamp":1723866774},{"key":{"remoteJid":"6285651915144@s.whatsapp.net","fromMe":true,"id":"42C8C95C05935AF3330450FEE501C1BE"},"messageTimestamp":1723866790},{"key":{"remoteJid":"6285651915144@s.whatsapp.net","fromMe":true,"id":"32A558C924EF5CBE5A1FF7542595217A"},"messageTimestamp":1723866796},{"key":{"remoteJid":"6285651915144@s.whatsapp.net","fromMe":true,"id":"ED343384024B2EBBDCD90C18127B522E"},"messageTimestamp":1723866913},{"key":{"remoteJid":"6285651915144@s.whatsapp.net","fromMe":true,"id":"172A6A425E271B65AB66D06083F9D9C6"},"messageTimestamp":1723866913},{"key":{"remoteJid":"6285651915144@s.whatsapp.net","fromMe":true,"id":"407C3529D7A0BDF9EE5B2A25FB73A959"},"messageTimestamp":1723866913},{"key":{"remoteJid":"6285651915144@s.whatsapp.net","fromMe":true,"id":"E35786A09DA7CFD07FE212BCC9C86DEB"},"messageTimestamp":1723866913},{"key":{"remoteJid":"6285651915144@s.whatsapp.net","fromMe":true,"id":"6C3D3ECF59036D4B4AF401937682B356"},"messageTimestamp":1723866913},{"key":{"remoteJid":"6285651915144@s.whatsapp.net","fromMe":true,"id":"41F0F50803DD9C108FB6D37B94F0DFDC"},"messageTimestamp":1723866913},{"key":{"remoteJid":"6285651915144@s.whatsapp.net","fromMe":true,"id":"FA2BAA89B8DB2CE91FADCBFCE461CED6"},"messageTimestamp":1723866913},{"key":{"remoteJid":"6285651915144@s.whatsapp.net","fromMe":true,"id":"0F2C00A92AB628AD21CADD5BF8D03776"},"messageTimestamp":1723866913},{"key":{"remoteJid":"6285651915144@s.whatsapp.net","fromMe":true,"id":"D26C02E12EEEECF4246EBFC34B91E281"},"messageTimestamp":1723866913},{"key":{"remoteJid":"6285651915144@s.whatsapp.net","fromMe":true,"id":"5D110354DD89AD2B5C56DC37091FADF6"},"messageTimestamp":1723866915},{"key":{"remoteJid":"6285651915144@s.whatsapp.net","fromMe":true,"id":"8ACF8F972CF2312F16F343F4C9239361"},"messageTimestamp":1723866933},{"key":{"remoteJid":"6285651915144@s.whatsapp.net","fromMe":true,"id":"1D47C2CBE36D007396DACE88073CA582"},"messageTimestamp":1723866942},{"key":{"remoteJid":"6285651915144@s.whatsapp.net","fromMe":true,"id":"49DD03D040ACD9F58B5B109F775AA50D"},"messageTimestamp":1723866950},{"key":{"remoteJid":"6285651915144@s.whatsapp.net","fromMe":true,"id":"76E29F982961BFC01EF2CBDC77B3C1D5"},"messageTimestamp":1723866951},{"key":{"remoteJid":"6285651915144@s.whatsapp.net","fromMe":true,"id":"B25205F72E3D79DA5605EE9231BA29E0"},"messageTimestamp":1723866952}],"nextPreKeyId":2076,"firstUnuploadedPreKeyId":2076,"accountSyncCounter":1,"accountSettings":{"unarchiveChats":false},"deviceId":"rcZadKwLStSkWqq53xbmUA","phoneId":"3ef85fb7-3df4-47c2-ace0-6746430233f6","identityId":{"type":"Buffer","data":"6mws7ANO5ZtZuYIvsyDDVNb60Rs="},"registered":true,"backupToken":{"type":"Buffer","data":"+SeiHakQCysQkbglKfBmweP6Xvo="},"registration":{},"pairingCode":"F24DHHWH","me":{"id":"6285651915144:23@s.whatsapp.net","lid":"272636336689202:23@lid","name":"Oki"},"account":{"details":"CP/WpZkEEOS7gLYGGAIgACgA","accountSignatureKey":"5m2zTuZSpE8mdzubtpf6/Z9SCm3+/9wtKcyI1SmkbWE=","accountSignature":"XVfq2thvvnZYdNP7hWSRfHm3aHd/1fhYI+j7vQQz8S7D4+wqzdqrE55AD5/ULYRX130xadrmcJR8BEVS14OaCQ==","deviceSignature":"8Vfrc8pqqGtfbFim2398PLeHZYb/TqXcFhYeA/cJGpYGdVresJEsQ/w0Vsb5c/Lp7WFE+fgSDJ+CCHU3lZ2Oig=="},"signalIdentities":[{"identifier":{"name":"6285651915144:23@s.whatsapp.net","deviceId":0},"identifierKey":{"type":"Buffer","data":"BeZts07mUqRPJnc7m7aX+v2fUgpt/v/cLSnMiNUppG1h"}}],"platform":"android","routingInfo":{"type":"Buffer","data":"CBIICA=="},"lastAccountSyncTimestamp":1724144826,"myAppStateKeyId":"AAAAANmh","lastPropHash":"1rvyP3"}